date_key,full_date,day_of_week,day_num_in_week,day_num_in_month,day_num_in_year,week_of_year,month_num,month_name,month_year,quarter,year,is_weekend,is_holiday_season
20240101,2024-01-01,Monday,1,1,1,1,1,January,Jan-2024,Q1,2024,False,False
20240102,2024-01-02,Tuesday,2,2,2,1,1,January,Jan-2024,Q1,2024,False,False
20240103,2024-01-03,Wednesday,3,3,3,1,1,January,Jan-2024,Q1,2024,False,False
20240104,2024-01-04,Thursday,4,4,4,1,1,January,Jan-2024,Q1,2024,False,False
20240105,2024-01-05,Friday,5,5,5,1,1,January,Jan-2024,Q1,2024,False,False
20240106,2024-01-06,Saturday,6,6,6,1,1,January,Jan-2024,Q1,2024,True,False
20240107,2024-01-07,Sunday,7,7,7,1,1,January,Jan-2024,Q1,2024,True,False
20240108,2024-01-08,Monday,1,8,8,2,1,January,Jan-2024,Q1,2024,False,False
20240109,2024-01-09,Tuesday,2,9,9,2,1,January,Jan-2024,Q1,2024,False,False
20240110,2024-01-10,Wednesday,3,10,10,2,1,January,Jan-2024,Q1,2024,False,False
20240111,2024-01-11,Thursday,4,11,11,2,1,January,Jan-2024,Q1,2024,False,False
20240112,2024-01-12,Friday,5,12,12,2,1,January,Jan-2024,Q1,2024,False,False
20240113,2024-01-13,Saturday,6,13,13,2,1,January,Jan-2024,Q1,2024,True,False
20240114,2024-01-14,Sunday,7,14,14,2,1,January,Jan-2024,Q1,2024,True,False
20240115,2024-01-15,Monday,1,15,15,3,1,January,Jan-2024,Q1,2024,False,False
20240116,2024-01-16,Tuesday,2,16,16,3,1,January,Jan-2024,Q1,2024,False,False
20240117,2024-01-17,Wednesday,3,17,17,3,1,January,Jan-2024,Q1,2024,False,False
20240118,2024-01-18,Thursday,4,18,18,3,1,January,Jan-2024,Q1,2024,False,False
20240119,2024-01-19,Friday,5,19,19,3,1,January,Jan-2024,Q1,2024,False,False
20240120,2024-01-20,Saturday,6,20,20,3,1,January,Jan-2024,Q1,2024,True,False
20240121,2024-01-21,Sunday,7,21,21,3,1,January,Jan-2024,Q1,2024,True,False
20240122,2024-01-22,Monday,1,22,22,4,1,January,Jan-2024,Q1,2024,False,False
20240123,2024-01-23,Tuesday,2,23,23,4,1,January,Jan-2024,Q1,2024,False,False
20240124,2024-01-24,Wednesday,3,24,24,4,1,January,Jan-2024,Q1,2024,False,False
20240125,2024-01-25,Thursday,4,25,25,4,1,January,Jan-2024,Q1,2024,False,False
20240126,2024-01-26,Friday,5,26,26,4,1,January,Jan-2024,Q1,2024,False,False
20240127,2024-01-27,Saturday,6,27,27,4,1,January,Jan-2024,Q1,2024,True,False
20240128,2024-01-28,Sunday,7,28,28,4,1,January,Jan-2024,Q1,2024,True,False
20240129,2024-01-29,Monday,1,29,29,5,1,January,Jan-2024,Q1,2024,False,False
20240130,2024-01-30,Tuesday,2,30,30,5,1,January,Jan-2024,Q1,2024,False,False
20240131,2024-01-31,Wednesday,3,31,31,5,1,January,Jan-2024,Q1,2024,False,False
20240201,2024-02-01,Thursday,4,1,32,5,2,February,Feb-2024,Q1,2024,False,False
20240202,2024-02-02,Friday,5,2,33,5,2,February,Feb-2024,Q1,2024,False,False
20240203,2024-02-03,Saturday,6,3,34,5,2,February,Feb-2024,Q1,2024,True,False
20240204,2024-02-04,Sunday,7,4,35,5,2,February,Feb-2024,Q1,2024,True,False
20240205,2024-02-05,Monday,1,5,36,6,2,February,Feb-2024,Q1,2024,False,False
20240206,2024-02-06,Tuesday,2,6,37,6,2,February,Feb-2024,Q1,2024,False,False
20240207,2024-02-07,Wednesday,3,7,38,6,2,February,Feb-2024,Q1,2024,False,False
20240208,2024-02-08,Thursday,4,8,39,6,2,February,Feb-2024,Q1,2024,False,False
20240209,2024-02-09,Friday,5,9,40,6,2,February,Feb-2024,Q1,2024,False,False
20240210,2024-02-10,Saturday,6,10,41,6,2,February,Feb-2024,Q1,2024,True,False
20240211,2024-02-11,Sunday,7,11,42,6,2,February,Feb-2024,Q1,2024,True,False
20240212,2024-02-12,Monday,1,12,43,7,2,February,Feb-2024,Q1,2024,False,False
20240213,2024-02-13,Tuesday,2,13,44,7,2,February,Feb-2024,Q1,2024,False,False
20240214,2024-02-14,Wednesday,3,14,45,7,2,February,Feb-2024,Q1,2024,False,False
20240215,2024-02-15,Thursday,4,15,46,7,2,February,Feb-2024,Q1,2024,False,False
20240216,2024-02-16,Friday,5,16,47,7,2,February,Feb-2024,Q1,2024,False,False
20240217,2024-02-17,Saturday,6,17,48,7,2,February,Feb-2024,Q1,2024,True,False
20240218,2024-02-18,Sunday,7,18,49,7,2,February,Feb-2024,Q1,2024,True,False
20240219,2024-02-19,Monday,1,19,50,8,2,February,Feb-2024,Q1,2024,False,False
20240220,2024-02-20,Tuesday,2,20,51,8,2,February,Feb-2024,Q1,2024,False,False
20240221,2024-02-21,Wednesday,3,21,52,8,2,February,Feb-2024,Q1,2024,False,False
20240222,2024-02-22,Thursday,4,22,53,8,2,February,Feb-2024,Q1,2024,False,False
20240223,2024-02-23,Friday,5,23,54,8,2,February,Feb-2024,Q1,2024,False,False
20240224,2024-02-24,Saturday,6,24,55,8,2,February,Feb-2024,Q1,2024,True,False
20240225,2024-02-25,Sunday,7,25,56,8,2,February,Feb-2024,Q1,2024,True,False
20240226,2024-02-26,Monday,1,26,57,9,2,February,Feb-2024,Q1,2024,False,False
20240227,2024-02-27,Tuesday,2,27,58,9,2,February,Feb-2024,Q1,2024,False,False
20240228,2024-02-28,Wednesday,3,28,59,9,2,February,Feb-2024,Q1,2024,False,False
20240229,2024-02-29,Thursday,4,29,60,9,2,February,Feb-2024,Q1,2024,False,False
20240301,2024-03-01,Friday,5,1,61,9,3,March,Mar-2024,Q1,2024,False,False
20240302,2024-03-02,Saturday,6,2,62,9,3,March,Mar-2024,Q1,2024,True,False
20240303,2024-03-03,Sunday,7,3,63,9,3,March,Mar-2024,Q1,2024,True,False
20240304,2024-03-04,Monday,1,4,64,10,3,March,Mar-2024,Q1,2024,False,False
20240305,2024-03-05,Tuesday,2,5,65,10,3,March,Mar-2024,Q1,2024,False,False
20240306,2024-03-06,Wednesday,3,6,66,10,3,March,Mar-2024,Q1,2024,False,False
20240307,2024-03-07,Thursday,4,7,67,10,3,March,Mar-2024,Q1,2024,False,False
20240308,2024-03-08,Friday,5,8,68,10,3,March,Mar-2024,Q1,2024,False,False
20240309,2024-03-09,Saturday,6,9,69,10,3,March,Mar-2024,Q1,2024,True,False
20240310,2024-03-10,Sunday,7,10,70,10,3,March,Mar-2024,Q1,2024,True,False
20240311,2024-03-11,Monday,1,11,71,11,3,March,Mar-2024,Q1,2024,False,False
20240312,2024-03-12,Tuesday,2,12,72,11,3,March,Mar-2024,Q1,2024,False,False
20240313,2024-03-13,Wednesday,3,13,73,11,3,March,Mar-2024,Q1,2024,False,False
20240314,2024-03-14,Thursday,4,14,74,11,3,March,Mar-2024,Q1,2024,False,False
20240315,2024-03-15,Friday,5,15,75,11,3,March,Mar-2024,Q1,2024,False,False
20240316,2024-03-16,Saturday,6,16,76,11,3,March,Mar-2024,Q1,2024,True,False
20240317,2024-03-17,Sunday,7,17,77,11,3,March,Mar-2024,Q1,2024,True,False
20240318,2024-03-18,Monday,1,18,78,12,3,March,Mar-2024,Q1,2024,False,False
20240319,2024-03-19,Tuesday,2,19,79,12,3,March,Mar-2024,Q1,2024,False,False
20240320,2024-03-20,Wednesday,3,20,80,12,3,March,Mar-2024,Q1,2024,False,False
20240321,2024-03-21,Thursday,4,21,81,12,3,March,Mar-2024,Q1,2024,False,False
20240322,2024-03-22,Friday,5,22,82,12,3,March,Mar-2024,Q1,2024,False,False
20240323,2024-03-23,Saturday,6,23,83,12,3,March,Mar-2024,Q1,2024,True,False
20240324,2024-03-24,Sunday,7,24,84,12,3,March,Mar-2024,Q1,2024,True,False
20240325,2024-03-25,Monday,1,25,85,13,3,March,Mar-2024,Q1,2024,False,False
20240326,2024-03-26,Tuesday,2,26,86,13,3,March,Mar-2024,Q1,2024,False,False
20240327,2024-03-27,Wednesday,3,27,87,13,3,March,Mar-2024,Q1,2024,False,False
20240328,2024-03-28,Thursday,4,28,88,13,3,March,Mar-2024,Q1,2024,False,False
20240329,2024-03-29,Friday,5,29,89,13,3,March,Mar-2024,Q1,2024,False,False
20240330,2024-03-30,Saturday,6,30,90,13,3,March,Mar-2024,Q1,2024,True,False
20240331,2024-03-31,Sunday,7,31,91,13,3,March,Mar-2024,Q1,2024,True,False
20240401,2024-04-01,Monday,1,1,92,14,4,April,Apr-2024,Q2,2024,False,False
20240402,2024-04-02,Tuesday,2,2,93,14,4,April,Apr-2024,Q2,2024,False,False
20240403,2024-04-03,Wednesday,3,3,94,14,4,April,Apr-2024,Q2,2024,False,False
20240404,2024-04-04,Thursday,4,4,95,14,4,April,Apr-2024,Q2,2024,False,False
20240405,2024-04-05,Friday,5,5,96,14,4,April,Apr-2024,Q2,2024,False,False
20240406,2024-04-06,Saturday,6,6,97,14,4,April,Apr-2024,Q2,2024,True,False
20240407,2024-04-07,Sunday,7,7,98,14,4,April,Apr-2024,Q2,2024,True,False
20240408,2024-04-08,Monday,1,8,99,15,4,April,Apr-2024,Q2,2024,False,False
20240409,2024-04-09,Tuesday,2,9,100,15,4,April,Apr-2024,Q2,2024,False,False
20240410,2024-04-10,Wednesday,3,10,101,15,4,April,Apr-2024,Q2,2024,False,False
20240411,2024-04-11,Thursday,4,11,102,15,4,April,Apr-2024,Q2,2024,False,False
20240412,2024-04-12,Friday,5,12,103,15,4,April,Apr-2024,Q2,2024,False,False
20240413,2024-04-13,Saturday,6,13,104,15,4,April,Apr-2024,Q2,2024,True,False
20240414,2024-04-14,Sunday,7,14,105,15,4,April,Apr-2024,Q2,2024,True,False
20240415,2024-04-15,Monday,1,15,106,16,4,April,Apr-2024,Q2,2024,False,False
20240416,2024-04-16,Tuesday,2,16,107,16,4,April,Apr-2024,Q2,2024,False,False
20240417,2024-04-17,Wednesday,3,17,108,16,4,April,Apr-2024,Q2,2024,False,False
20240418,2024-04-18,Thursday,4,18,109,16,4,April,Apr-2024,Q2,2024,False,False
20240419,2024-04-19,Friday,5,19,110,16,4,April,Apr-2024,Q2,2024,False,False
20240420,2024-04-20,Saturday,6,20,111,16,4,April,Apr-2024,Q2,2024,True,False
20240421,2024-04-21,Sunday,7,21,112,16,4,April,Apr-2024,Q2,2024,True,False
20240422,2024-04-22,Monday,1,22,113,17,4,April,Apr-2024,Q2,2024,False,False
20240423,2024-04-23,Tuesday,2,23,114,17,4,April,Apr-2024,Q2,2024,False,False
20240424,2024-04-24,Wednesday,3,24,115,17,4,April,Apr-2024,Q2,2024,False,False
20240425,2024-04-25,Thursday,4,25,116,17,4,April,Apr-2024,Q2,2024,False,False
20240426,2024-04-26,Friday,5,26,117,17,4,April,Apr-2024,Q2,2024,False,False
20240427,2024-04-27,Saturday,6,27,118,17,4,April,Apr-2024,Q2,2024,True,False
20240428,2024-04-28,Sunday,7,28,119,17,4,April,Apr-2024,Q2,2024,True,False
20240429,2024-04-29,Monday,1,29,120,18,4,April,Apr-2024,Q2,2024,False,False
20240430,2024-04-30,Tuesday,2,30,121,18,4,April,Apr-2024,Q2,2024,False,False
20240501,2024-05-01,Wednesday,3,1,122,18,5,May,May-2024,Q2,2024,False,False
20240502,2024-05-02,Thursday,4,2,123,18,5,May,May-2024,Q2,2024,False,False
20240503,2024-05-03,Friday,5,3,124,18,5,May,May-2024,Q2,2024,False,False
20240504,2024-05-04,Saturday,6,4,125,18,5,May,May-2024,Q2,2024,True,False
20240505,2024-05-05,Sunday,7,5,126,18,5,May,May-2024,Q2,2024,True,False
20240506,2024-05-06,Monday,1,6,127,19,5,May,May-2024,Q2,2024,False,False
20240507,2024-05-07,Tuesday,2,7,128,19,5,May,May-2024,Q2,2024,False,False
20240508,2024-05-08,Wednesday,3,8,129,19,5,May,May-2024,Q2,2024,False,False
20240509,2024-05-09,Thursday,4,9,130,19,5,May,May-2024,Q2,2024,False,False
20240510,2024-05-10,Friday,5,10,131,19,5,May,May-2024,Q2,2024,False,False
20240511,2024-05-11,Saturday,6,11,132,19,5,May,May-2024,Q2,2024,True,False
20240512,2024-05-12,Sunday,7,12,133,19,5,May,May-2024,Q2,2024,True,False
20240513,2024-05-13,Monday,1,13,134,20,5,May,May-2024,Q2,2024,False,False
20240514,2024-05-14,Tuesday,2,14,135,20,5,May,May-2024,Q2,2024,False,False
20240515,2024-05-15,Wednesday,3,15,136,20,5,May,May-2024,Q2,2024,False,False
20240516,2024-05-16,Thursday,4,16,137,20,5,May,May-2024,Q2,2024,False,False
20240517,2024-05-17,Friday,5,17,138,20,5,May,May-2024,Q2,2024,False,False
20240518,2024-05-18,Saturday,6,18,139,20,5,May,May-2024,Q2,2024,True,False
20240519,2024-05-19,Sunday,7,19,140,20,5,May,May-2024,Q2,2024,True,False
20240520,2024-05-20,Monday,1,20,141,21,5,May,May-2024,Q2,2024,False,False
20240521,2024-05-21,Tuesday,2,21,142,21,5,May,May-2024,Q2,2024,False,False
20240522,2024-05-22,Wednesday,3,22,143,21,5,May,May-2024,Q2,2024,False,False
20240523,2024-05-23,Thursday,4,23,144,21,5,May,May-2024,Q2,2024,False,False
20240524,2024-05-24,Friday,5,24,145,21,5,May,May-2024,Q2,2024,False,False
20240525,2024-05-25,Saturday,6,25,146,21,5,May,May-2024,Q2,2024,True,False
20240526,2024-05-26,Sunday,7,26,147,21,5,May,May-2024,Q2,2024,True,False
20240527,2024-05-27,Monday,1,27,148,22,5,May,May-2024,Q2,2024,False,False
20240528,2024-05-28,Tuesday,2,28,149,22,5,May,May-2024,Q2,2024,False,False
20240529,2024-05-29,Wednesday,3,29,150,22,5,May,May-2024,Q2,2024,False,False
20240530,2024-05-30,Thursday,4,30,151,22,5,May,May-2024,Q2,2024,False,False
20240531,2024-05-31,Friday,5,31,152,22,5,May,May-2024,Q2,2024,False,False
20240601,2024-06-01,Saturday,6,1,153,22,6,June,Jun-2024,Q2,2024,True,False
20240602,2024-06-02,Sunday,7,2,154,22,6,June,Jun-2024,Q2,2024,True,False
20240603,2024-06-03,Monday,1,3,155,23,6,June,Jun-2024,Q2,2024,False,False
20240604,2024-06-04,Tuesday,2,4,156,23,6,June,Jun-2024,Q2,2024,False,False
20240605,2024-06-05,Wednesday,3,5,157,23,6,June,Jun-2024,Q2,2024,False,False
20240606,2024-06-06,Thursday,4,6,158,23,6,June,Jun-2024,Q2,2024,False,False
20240607,2024-06-07,Friday,5,7,159,23,6,June,Jun-2024,Q2,2024,False,False
20240608,2024-06-08,Saturday,6,8,160,23,6,June,Jun-2024,Q2,2024,True,False
20240609,2024-06-09,Sunday,7,9,161,23,6,June,Jun-2024,Q2,2024,True,False
20240610,2024-06-10,Monday,1,10,162,24,6,June,Jun-2024,Q2,2024,False,False
20240611,2024-06-11,Tuesday,2,11,163,24,6,June,Jun-2024,Q2,2024,False,False
20240612,2024-06-12,Wednesday,3,12,164,24,6,June,Jun-2024,Q2,2024,False,False
20240613,2024-06-13,Thursday,4,13,165,24,6,June,Jun-2024,Q2,2024,False,False
20240614,2024-06-14,Friday,5,14,166,24,6,June,Jun-2024,Q2,2024,False,False
20240615,2024-06-15,Saturday,6,15,167,24,6,June,Jun-2024,Q2,2024,True,False
20240616,2024-06-16,Sunday,7,16,168,24,6,June,Jun-2024,Q2,2024,True,False
20240617,2024-06-17,Monday,1,17,169,25,6,June,Jun-2024,Q2,2024,False,False
20240618,2024-06-18,Tuesday,2,18,170,25,6,June,Jun-2024,Q2,2024,False,False
20240619,2024-06-19,Wednesday,3,19,171,25,6,June,Jun-2024,Q2,2024,False,False
20240620,2024-06-20,Thursday,4,20,172,25,6,June,Jun-2024,Q2,2024,False,False
20240621,2024-06-21,Friday,5,21,173,25,6,June,Jun-2024,Q2,2024,False,False
20240622,2024-06-22,Saturday,6,22,174,25,6,June,Jun-2024,Q2,2024,True,False
20240623,2024-06-23,Sunday,7,23,175,25,6,June,Jun-2024,Q2,2024,True,False
20240624,2024-06-24,Monday,1,24,176,26,6,June,Jun-2024,Q2,2024,False,False
20240625,2024-06-25,Tuesday,2,25,177,26,6,June,Jun-2024,Q2,2024,False,False
20240626,2024-06-26,Wednesday,3,26,178,26,6,June,Jun-2024,Q2,2024,False,False
20240627,2024-06-27,Thursday,4,27,179,26,6,June,Jun-2024,Q2,2024,False,False
20240628,2024-06-28,Friday,5,28,180,26,6,June,Jun-2024,Q2,2024,False,False
20240629,2024-06-29,Saturday,6,29,181,26,6,June,Jun-2024,Q2,2024,True,False
20240630,2024-06-30,Sunday,7,30,182,26,6,June,Jun-2024,Q2,2024,True,False
20240701,2024-07-01,Monday,1,1,183,27,7,July,Jul-2024,Q3,2024,False,False
20240702,2024-07-02,Tuesday,2,2,184,27,7,July,Jul-2024,Q3,2024,False,False
20240703,2024-07-03,Wednesday,3,3,185,27,7,July,Jul-2024,Q3,2024,False,False
20240704,2024-07-04,Thursday,4,4,186,27,7,July,Jul-2024,Q3,2024,False,False
20240705,2024-07-05,Friday,5,5,187,27,7,July,Jul-2024,Q3,2024,False,False
20240706,2024-07-06,Saturday,6,6,188,27,7,July,Jul-2024,Q3,2024,True,False
20240707,2024-07-07,Sunday,7,7,189,27,7,July,Jul-2024,Q3,2024,True,False
20240708,2024-07-08,Monday,1,8,190,28,7,July,Jul-2024,Q3,2024,False,False
20240709,2024-07-09,Tuesday,2,9,191,28,7,July,Jul-2024,Q3,2024,False,False
20240710,2024-07-10,Wednesday,3,10,192,28,7,July,Jul-2024,Q3,2024,False,False
20240711,2024-07-11,Thursday,4,11,193,28,7,July,Jul-2024,Q3,2024,False,False
20240712,2024-07-12,Friday,5,12,194,28,7,July,Jul-2024,Q3,2024,False,False
20240713,2024-07-13,Saturday,6,13,195,28,7,July,Jul-2024,Q3,2024,True,False
20240714,2024-07-14,Sunday,7,14,196,28,7,July,Jul-2024,Q3,2024,True,False
20240715,2024-07-15,Monday,1,15,197,29,7,July,Jul-2024,Q3,2024,False,False
20240716,2024-07-16,Tuesday,2,16,198,29,7,July,Jul-2024,Q3,2024,False,False
20240717,2024-07-17,Wednesday,3,17,199,29,7,July,Jul-2024,Q3,2024,False,False
20240718,2024-07-18,Thursday,4,18,200,29,7,July,Jul-2024,Q3,2024,False,False
20240719,2024-07-19,Friday,5,19,201,29,7,July,Jul-2024,Q3,2024,False,False
20240720,2024-07-20,Saturday,6,20,202,29,7,July,Jul-2024,Q3,2024,True,False
20240721,2024-07-21,Sunday,7,21,203,29,7,July,Jul-2024,Q3,2024,True,False
20240722,2024-07-22,Monday,1,22,204,30,7,July,Jul-2024,Q3,2024,False,False
20240723,2024-07-23,Tuesday,2,23,205,30,7,July,Jul-2024,Q3,2024,False,False
20240724,2024-07-24,Wednesday,3,24,206,30,7,July,Jul-2024,Q3,2024,False,False
20240725,2024-07-25,Thursday,4,25,207,30,7,July,Jul-2024,Q3,2024,False,False
20240726,2024-07-26,Friday,5,26,208,30,7,July,Jul-2024,Q3,2024,False,False
20240727,2024-07-27,Saturday,6,27,209,30,7,July,Jul-2024,Q3,2024,True,False
20240728,2024-07-28,Sunday,7,28,210,30,7,July,Jul-2024,Q3,2024,True,False
20240729,2024-07-29,Monday,1,29,211,31,7,July,Jul-2024,Q3,2024,False,False
20240730,2024-07-30,Tuesday,2,30,212,31,7,July,Jul-2024,Q3,2024,False,False
20240731,2024-07-31,Wednesday,3,31,213,31,7,July,Jul-2024,Q3,2024,False,False
20240801,2024-08-01,Thursday,4,1,214,31,8,August,Aug-2024,Q3,2024,False,False
20240802,2024-08-02,Friday,5,2,215,31,8,August,Aug-2024,Q3,2024,False,False
20240803,2024-08-03,Saturday,6,3,216,31,8,August,Aug-2024,Q3,2024,True,False
20240804,2024-08-04,Sunday,7,4,217,31,8,August,Aug-2024,Q3,2024,True,False
20240805,2024-08-05,Monday,1,5,218,32,8,August,Aug-2024,Q3,2024,False,False
20240806,2024-08-06,Tuesday,2,6,219,32,8,August,Aug-2024,Q3,2024,False,False
20240807,2024-08-07,Wednesday,3,7,220,32,8,August,Aug-2024,Q3,2024,False,False
20240808,2024-08-08,Thursday,4,8,221,32,8,August,Aug-2024,Q3,2024,False,False
20240809,2024-08-09,Friday,5,9,222,32,8,August,Aug-2024,Q3,2024,False,False
20240810,2024-08-10,Saturday,6,10,223,32,8,August,Aug-2024,Q3,2024,True,False
20240811,2024-08-11,Sunday,7,11,224,32,8,August,Aug-2024,Q3,2024,True,False
20240812,2024-08-12,Monday,1,12,225,33,8,August,Aug-2024,Q3,2024,False,False
20240813,2024-08-13,Tuesday,2,13,226,33,8,August,Aug-2024,Q3,2024,False,False
20240814,2024-08-14,Wednesday,3,14,227,33,8,August,Aug-2024,Q3,2024,False,False
20240815,2024-08-15,Thursday,4,15,228,33,8,August,Aug-2024,Q3,2024,False,False
20240816,2024-08-16,Friday,5,16,229,33,8,August,Aug-2024,Q3,2024,False,False
20240817,2024-08-17,Saturday,6,17,230,33,8,August,Aug-2024,Q3,2024,True,False
20240818,2024-08-18,Sunday,7,18,231,33,8,August,Aug-2024,Q3,2024,True,False
20240819,2024-08-19,Monday,1,19,232,34,8,August,Aug-2024,Q3,2024,False,False
20240820,2024-08-20,Tuesday,2,20,233,34,8,August,Aug-2024,Q3,2024,False,False
20240821,2024-08-21,Wednesday,3,21,234,34,8,August,Aug-2024,Q3,2024,False,False
20240822,2024-08-22,Thursday,4,22,235,34,8,August,Aug-2024,Q3,2024,False,False
20240823,2024-08-23,Friday,5,23,236,34,8,August,Aug-2024,Q3,2024,False,False
20240824,2024-08-24,Saturday,6,24,237,34,8,August,Aug-2024,Q3,2024,True,False
20240825,2024-08-25,Sunday,7,25,238,34,8,August,Aug-2024,Q3,2024,True,False
20240826,2024-08-26,Monday,1,26,239,35,8,August,Aug-2024,Q3,2024,False,False
20240827,2024-08-27,Tuesday,2,27,240,35,8,August,Aug-2024,Q3,2024,False,False
20240828,2024-08-28,Wednesday,3,28,241,35,8,August,Aug-2024,Q3,2024,False,False
20240829,2024-08-29,Thursday,4,29,242,35,8,August,Aug-2024,Q3,2024,False,False
20240830,2024-08-30,Friday,5,30,243,35,8,August,Aug-2024,Q3,2024,False,False
20240831,2024-08-31,Saturday,6,31,244,35,8,August,Aug-2024,Q3,2024,True,False
20240901,2024-09-01,Sunday,7,1,245,35,9,September,Sep-2024,Q3,2024,True,False
20240902,2024-09-02,Monday,1,2,246,36,9,September,Sep-2024,Q3,2024,False,False
20240903,2024-09-03,Tuesday,2,3,247,36,9,September,Sep-2024,Q3,2024,False,False
20240904,2024-09-04,Wednesday,3,4,248,36,9,September,Sep-2024,Q3,2024,False,False
20240905,2024-09-05,Thursday,4,5,249,36,9,September,Sep-2024,Q3,2024,False,False
20240906,2024-09-06,Friday,5,6,250,36,9,September,Sep-2024,Q3,2024,False,False
20240907,2024-09-07,Saturday,6,7,251,36,9,September,Sep-2024,Q3,2024,True,False
20240908,2024-09-08,Sunday,7,8,252,36,9,September,Sep-2024,Q3,2024,True,False
20240909,2024-09-09,Monday,1,9,253,37,9,September,Sep-2024,Q3,2024,False,False
20240910,2024-09-10,Tuesday,2,10,254,37,9,September,Sep-2024,Q3,2024,False,False
20240911,2024-09-11,Wednesday,3,11,255,37,9,September,Sep-2024,Q3,2024,False,False
20240912,2024-09-12,Thursday,4,12,256,37,9,September,Sep-2024,Q3,2024,False,False
20240913,2024-09-13,Friday,5,13,257,37,9,September,Sep-2024,Q3,2024,False,False
20240914,2024-09-14,Saturday,6,14,258,37,9,September,Sep-2024,Q3,2024,True,False
20240915,2024-09-15,Sunday,7,15,259,37,9,September,Sep-2024,Q3,2024,True,False
20240916,2024-09-16,Monday,1,16,260,38,9,September,Sep-2024,Q3,2024,False,False
20240917,2024-09-17,Tuesday,2,17,261,38,9,September,Sep-2024,Q3,2024,False,False
20240918,2024-09-18,Wednesday,3,18,262,38,9,September,Sep-2024,Q3,2024,False,False
20240919,2024-09-19,Thursday,4,19,263,38,9,September,Sep-2024,Q3,2024,False,False
20240920,2024-09-20,Friday,5,20,264,38,9,September,Sep-2024,Q3,2024,False,False
20240921,2024-09-21,Saturday,6,21,265,38,9,September,Sep-2024,Q3,2024,True,False
20240922,2024-09-22,Sunday,7,22,266,38,9,September,Sep-2024,Q3,2024,True,False
20240923,2024-09-23,Monday,1,23,267,39,9,September,Sep-2024,Q3,2024,False,False
20240924,2024-09-24,Tuesday,2,24,268,39,9,September,Sep-2024,Q3,2024,False,False
20240925,2024-09-25,Wednesday,3,25,269,39,9,September,Sep-2024,Q3,2024,False,False
20240926,2024-09-26,Thursday,4,26,270,39,9,September,Sep-2024,Q3,2024,False,False
20240927,2024-09-27,Friday,5,27,271,39,9,September,Sep-2024,Q3,2024,False,False
20240928,2024-09-28,Saturday,6,28,272,39,9,September,Sep-2024,Q3,2024,True,False
20240929,2024-09-29,Sunday,7,29,273,39,9,September,Sep-2024,Q3,2024,True,False
20240930,2024-09-30,Monday,1,30,274,40,9,September,Sep-2024,Q3,2024,False,False
20241001,2024-10-01,Tuesday,2,1,275,40,10,October,Oct-2024,Q4,2024,False,False
20241002,2024-10-02,Wednesday,3,2,276,40,10,October,Oct-2024,Q4,2024,False,False
20241003,2024-10-03,Thursday,4,3,277,40,10,October,Oct-2024,Q4,2024,False,False
20241004,2024-10-04,Friday,5,4,278,40,10,October,Oct-2024,Q4,2024,False,False
20241005,2024-10-05,Saturday,6,5,279,40,10,October,Oct-2024,Q4,2024,True,False
20241006,2024-10-06,Sunday,7,6,280,40,10,October,Oct-2024,Q4,2024,True,False
20241007,2024-10-07,Monday,1,7,281,41,10,October,Oct-2024,Q4,2024,False,False
20241008,2024-10-08,Tuesday,2,8,282,41,10,October,Oct-2024,Q4,2024,False,False
20241009,2024-10-09,Wednesday,3,9,283,41,10,October,Oct-2024,Q4,2024,False,False
20241010,2024-10-10,Thursday,4,10,284,41,10,October,Oct-2024,Q4,2024,False,False
20241011,2024-10-11,Friday,5,11,285,41,10,October,Oct-2024,Q4,2024,False,False
20241012,2024-10-12,Saturday,6,12,286,41,10,October,Oct-2024,Q4,2024,True,False
20241013,2024-10-13,Sunday,7,13,287,41,10,October,Oct-2024,Q4,2024,True,False
20241014,2024-10-14,Monday,1,14,288,42,10,October,Oct-2024,Q4,2024,False,False
20241015,2024-10-15,Tuesday,2,15,289,42,10,October,Oct-2024,Q4,2024,False,False
20241016,2024-10-16,Wednesday,3,16,290,42,10,October,Oct-2024,Q4,2024,False,False
20241017,2024-10-17,Thursday,4,17,291,42,10,October,Oct-2024,Q4,2024,False,False
20241018,2024-10-18,Friday,5,18,292,42,10,October,Oct-2024,Q4,2024,False,False
20241019,2024-10-19,Saturday,6,19,293,42,10,October,Oct-2024,Q4,2024,True,False
20241020,2024-10-20,Sunday,7,20,294,42,10,October,Oct-2024,Q4,2024,True,False
20241021,2024-10-21,Monday,1,21,295,43,10,October,Oct-2024,Q4,2024,False,False
20241022,2024-10-22,Tuesday,2,22,296,43,10,October,Oct-2024,Q4,2024,False,False
20241023,2024-10-23,Wednesday,3,23,297,43,10,October,Oct-2024,Q4,2024,False,False
20241024,2024-10-24,Thursday,4,24,298,43,10,October,Oct-2024,Q4,2024,False,False
20241025,2024-10-25,Friday,5,25,299,43,10,October,Oct-2024,Q4,2024,False,False
20241026,2024-10-26,Saturday,6,26,300,43,10,October,Oct-2024,Q4,2024,True,False
20241027,2024-10-27,Sunday,7,27,301,43,10,October,Oct-2024,Q4,2024,True,False
20241028,2024-10-28,Monday,1,28,302,44,10,October,Oct-2024,Q4,2024,False,False
20241029,2024-10-29,Tuesday,2,29,303,44,10,October,Oct-2024,Q4,2024,False,False
20241030,2024-10-30,Wednesday,3,30,304,44,10,October,Oct-2024,Q4,2024,False,False
20241031,2024-10-31,Thursday,4,31,305,44,10,October,Oct-2024,Q4,2024,False,False
20241101,2024-11-01,Friday,5,1,306,44,11,November,Nov-2024,Q4,2024,False,True
20241102,2024-11-02,Saturday,6,2,307,44,11,November,Nov-2024,Q4,2024,True,True
20241103,2024-11-03,Sunday,7,3,308,44,11,November,Nov-2024,Q4,2024,True,True
20241104,2024-11-04,Monday,1,4,309,45,11,November,Nov-2024,Q4,2024,False,True
20241105,2024-11-05,Tuesday,2,5,310,45,11,November,Nov-2024,Q4,2024,False,True
20241106,2024-11-06,Wednesday,3,6,311,45,11,November,Nov-2024,Q4,2024,False,True
20241107,2024-11-07,Thursday,4,7,312,45,11,November,Nov-2024,Q4,2024,False,True
20241108,2024-11-08,Friday,5,8,313,45,11,November,Nov-2024,Q4,2024,False,True
20241109,2024-11-09,Saturday,6,9,314,45,11,November,Nov-2024,Q4,2024,True,True
20241110,2024-11-10,Sunday,7,10,315,45,11,November,Nov-2024,Q4,2024,True,True
20241111,2024-11-11,Monday,1,11,316,46,11,November,Nov-2024,Q4,2024,False,True
20241112,2024-11-12,Tuesday,2,12,317,46,11,November,Nov-2024,Q4,2024,False,True
20241113,2024-11-13,Wednesday,3,13,318,46,11,November,Nov-2024,Q4,2024,False,True
20241114,2024-11-14,Thursday,4,14,319,46,11,November,Nov-2024,Q4,2024,False,True
20241115,2024-11-15,Friday,5,15,320,46,11,November,Nov-2024,Q4,2024,False,True
20241116,2024-11-16,Saturday,6,16,321,46,11,November,Nov-2024,Q4,2024,True,True
20241117,2024-11-17,Sunday,7,17,322,46,11,November,Nov-2024,Q4,2024,True,True
20241118,2024-11-18,Monday,1,18,323,47,11,November,Nov-2024,Q4,2024,False,True
20241119,2024-11-19,Tuesday,2,19,324,47,11,November,Nov-2024,Q4,2024,False,True
20241120,2024-11-20,Wednesday,3,20,325,47,11,November,Nov-2024,Q4,2024,False,True
20241121,2024-11-21,Thursday,4,21,326,47,11,November,Nov-2024,Q4,2024,False,True
20241122,2024-11-22,Friday,5,22,327,47,11,November,Nov-2024,Q4,2024,False,True
20241123,2024-11-23,Saturday,6,23,328,47,11,November,Nov-2024,Q4,2024,True,True
20241124,2024-11-24,Sunday,7,24,329,47,11,November,Nov-2024,Q4,2024,True,True
20241125,2024-11-25,Monday,1,25,330,48,11,November,Nov-2024,Q4,2024,False,True
20241126,2024-11-26,Tuesday,2,26,331,48,11,November,Nov-2024,Q4,2024,False,True
20241127,2024-11-27,Wednesday,3,27,332,48,11,November,Nov-2024,Q4,2024,False,True
20241128,2024-11-28,Thursday,4,28,333,48,11,November,Nov-2024,Q4,2024,False,True
20241129,2024-11-29,Friday,5,29,334,48,11,November,Nov-2024,Q4,2024,False,True
20241130,2024-11-30,Saturday,6,30,335,48,11,November,Nov-2024,Q4,2024,True,True
20241201,2024-12-01,Sunday,7,1,336,48,12,December,Dec-2024,Q4,2024,True,True
20241202,2024-12-02,Monday,1,2,337,49,12,December,Dec-2024,Q4,2024,False,True
20241203,2024-12-03,Tuesday,2,3,338,49,12,December,Dec-2024,Q4,2024,False,True
20241204,2024-12-04,Wednesday,3,4,339,49,12,December,Dec-2024,Q4,2024,False,True
20241205,2024-12-05,Thursday,4,5,340,49,12,December,Dec-2024,Q4,2024,False,True
20241206,2024-12-06,Friday,5,6,341,49,12,December,Dec-2024,Q4,2024,False,True
20241207,2024-12-07,Saturday,6,7,342,49,12,December,Dec-2024,Q4,2024,True,True
20241208,2024-12-08,Sunday,7,8,343,49,12,December,Dec-2024,Q4,2024,True,True
20241209,2024-12-09,Monday,1,9,344,50,12,December,Dec-2024,Q4,2024,False,True
20241210,2024-12-10,Tuesday,2,10,345,50,12,December,Dec-2024,Q4,2024,False,True
20241211,2024-12-11,Wednesday,3,11,346,50,12,December,Dec-2024,Q4,2024,False,True
20241212,2024-12-12,Thursday,4,12,347,50,12,December,Dec-2024,Q4,2024,False,True
20241213,2024-12-13,Friday,5,13,348,50,12,December,Dec-2024,Q4,2024,False,True
20241214,2024-12-14,Saturday,6,14,349,50,12,December,Dec-2024,Q4,2024,True,True
20241215,2024-12-15,Sunday,7,15,350,50,12,December,Dec-2024,Q4,2024,True,True
20241216,2024-12-16,Monday,1,16,351,51,12,December,Dec-2024,Q4,2024,False,True
20241217,2024-12-17,Tuesday,2,17,352,51,12,December,Dec-2024,Q4,2024,False,True
20241218,2024-12-18,Wednesday,3,18,353,51,12,December,Dec-2024,Q4,2024,False,True
20241219,2024-12-19,Thursday,4,19,354,51,12,December,Dec-2024,Q4,2024,False,True
20241220,2024-12-20,Friday,5,20,355,51,12,December,Dec-2024,Q4,2024,False,True
20241221,2024-12-21,Saturday,6,21,356,51,12,December,Dec-2024,Q4,2024,True,True
20241222,2024-12-22,Sunday,7,22,357,51,12,December,Dec-2024,Q4,2024,True,True
20241223,2024-12-23,Monday,1,23,358,52,12,December,Dec-2024,Q4,2024,False,True
20241224,2024-12-24,Tuesday,2,24,359,52,12,December,Dec-2024,Q4,2024,False,True
20241225,2024-12-25,Wednesday,3,25,360,52,12,December,Dec-2024,Q4,2024,False,True
20241226,2024-12-26,Thursday,4,26,361,52,12,December,Dec-2024,Q4,2024,False,True
20241227,2024-12-27,Friday,5,27,362,52,12,December,Dec-2024,Q4,2024,False,True
20241228,2024-12-28,Saturday,6,28,363,52,12,December,Dec-2024,Q4,2024,True,True
20241229,2024-12-29,Sunday,7,29,364,52,12,December,Dec-2024,Q4,2024,True,True
20241230,2024-12-30,Monday,1,30,365,1,12,December,Dec-2024,Q4,2024,False,True
20241231,2024-12-31,Tuesday,2,31,366,1,12,December,Dec-2024,Q4,2024,False,True
20250101,2025-01-01,Wednesday,3,1,1,1,1,January,Jan-2025,Q1,2025,False,False
20250102,2025-01-02,Thursday,4,2,2,1,1,January,Jan-2025,Q1,2025,False,False
20250103,2025-01-03,Friday,5,3,3,1,1,January,Jan-2025,Q1,2025,False,False
20250104,2025-01-04,Saturday,6,4,4,1,1,January,Jan-2025,Q1,2025,True,False
20250105,2025-01-05,Sunday,7,5,5,1,1,January,Jan-2025,Q1,2025,True,False
20250106,2025-01-06,Monday,1,6,6,2,1,January,Jan-2025,Q1,2025,False,False
20250107,2025-01-07,Tuesday,2,7,7,2,1,January,Jan-2025,Q1,2025,False,False
20250108,2025-01-08,Wednesday,3,8,8,2,1,January,Jan-2025,Q1,2025,False,False
20250109,2025-01-09,Thursday,4,9,9,2,1,January,Jan-2025,Q1,2025,False,False
20250110,2025-01-10,Friday,5,10,10,2,1,January,Jan-2025,Q1,2025,False,False
20250111,2025-01-11,Saturday,6,11,11,2,1,January,Jan-2025,Q1,2025,True,False
20250112,2025-01-12,Sunday,7,12,12,2,1,January,Jan-2025,Q1,2025,True,False
20250113,2025-01-13,Monday,1,13,13,3,1,January,Jan-2025,Q1,2025,False,False
20250114,2025-01-14,Tuesday,2,14,14,3,1,January,Jan-2025,Q1,2025,False,False
20250115,2025-01-15,Wednesday,3,15,15,3,1,January,Jan-2025,Q1,2025,False,False
20250116,2025-01-16,Thursday,4,16,16,3,1,January,Jan-2025,Q1,2025,False,False
20250117,2025-01-17,Friday,5,17,17,3,1,January,Jan-2025,Q1,2025,False,False
20250118,2025-01-18,Saturday,6,18,18,3,1,January,Jan-2025,Q1,2025,True,False
20250119,2025-01-19,Sunday,7,19,19,3,1,January,Jan-2025,Q1,2025,True,False
20250120,2025-01-20,Monday,1,20,20,4,1,January,Jan-2025,Q1,2025,False,False
20250121,2025-01-21,Tuesday,2,21,21,4,1,January,Jan-2025,Q1,2025,False,False
20250122,2025-01-22,Wednesday,3,22,22,4,1,January,Jan-2025,Q1,2025,False,False
20250123,2025-01-23,Thursday,4,23,23,4,1,January,Jan-2025,Q1,2025,False,False
20250124,2025-01-24,Friday,5,24,24,4,1,January,Jan-2025,Q1,2025,False,False
20250125,2025-01-25,Saturday,6,25,25,4,1,January,Jan-2025,Q1,2025,True,False
20250126,2025-01-26,Sunday,7,26,26,4,1,January,Jan-2025,Q1,2025,True,False
20250127,2025-01-27,Monday,1,27,27,5,1,January,Jan-2025,Q1,2025,False,False
20250128,2025-01-28,Tuesday,2,28,28,5,1,January,Jan-2025,Q1,2025,False,False
20250129,2025-01-29,Wednesday,3,29,29,5,1,January,Jan-2025,Q1,2025,False,False
20250130,2025-01-30,Thursday,4,30,30,5,1,January,Jan-2025,Q1,2025,False,False
20250131,2025-01-31,Friday,5,31,31,5,1,January,Jan-2025,Q1,2025,False,False
20250201,2025-02-01,Saturday,6,1,32,5,2,February,Feb-2025,Q1,2025,True,False
20250202,2025-02-02,Sunday,7,2,33,5,2,February,Feb-2025,Q1,2025,True,False
20250203,2025-02-03,Monday,1,3,34,6,2,February,Feb-2025,Q1,2025,False,False
20250204,2025-02-04,Tuesday,2,4,35,6,2,February,Feb-2025,Q1,2025,False,False
20250205,2025-02-05,Wednesday,3,5,36,6,2,February,Feb-2025,Q1,2025,False,False
20250206,2025-02-06,Thursday,4,6,37,6,2,February,Feb-2025,Q1,2025,False,False
20250207,2025-02-07,Friday,5,7,38,6,2,February,Feb-2025,Q1,2025,False,False
20250208,2025-02-08,Saturday,6,8,39,6,2,February,Feb-2025,Q1,2025,True,False
20250209,2025-02-09,Sunday,7,9,40,6,2,February,Feb-2025,Q1,2025,True,False
20250210,2025-02-10,Monday,1,10,41,7,2,February,Feb-2025,Q1,2025,False,False
20250211,2025-02-11,Tuesday,2,11,42,7,2,February,Feb-2025,Q1,2025,False,False
20250212,2025-02-12,Wednesday,3,12,43,7,2,February,Feb-2025,Q1,2025,False,False
20250213,2025-02-13,Thursday,4,13,44,7,2,February,Feb-2025,Q1,2025,False,False
20250214,2025-02-14,Friday,5,14,45,7,2,February,Feb-2025,Q1,2025,False,False
20250215,2025-02-15,Saturday,6,15,46,7,2,February,Feb-2025,Q1,2025,True,False
20250216,2025-02-16,Sunday,7,16,47,7,2,February,Feb-2025,Q1,2025,True,False
20250217,2025-02-17,Monday,1,17,48,8,2,February,Feb-2025,Q1,2025,False,False
20250218,2025-02-18,Tuesday,2,18,49,8,2,February,Feb-2025,Q1,2025,False,False
20250219,2025-02-19,Wednesday,3,19,50,8,2,February,Feb-2025,Q1,2025,False,False
20250220,2025-02-20,Thursday,4,20,51,8,2,February,Feb-2025,Q1,2025,False,False
20250221,2025-02-21,Friday,5,21,52,8,2,February,Feb-2025,Q1,2025,False,False
20250222,2025-02-22,Saturday,6,22,53,8,2,February,Feb-2025,Q1,2025,True,False
20250223,2025-02-23,Sunday,7,23,54,8,2,February,Feb-2025,Q1,2025,True,False
20250224,2025-02-24,Monday,1,24,55,9,2,February,Feb-2025,Q1,2025,False,False
20250225,2025-02-25,Tuesday,2,25,56,9,2,February,Feb-2025,Q1,2025,False,False
20250226,2025-02-26,Wednesday,3,26,57,9,2,February,Feb-2025,Q1,2025,False,False
20250227,2025-02-27,Thursday,4,27,58,9,2,February,Feb-2025,Q1,2025,False,False
20250228,2025-02-28,Friday,5,28,59,9,2,February,Feb-2025,Q1,2025,False,False
20250301,2025-03-01,Saturday,6,1,60,9,3,March,Mar-2025,Q1,2025,True,False
20250302,2025-03-02,Sunday,7,2,61,9,3,March,Mar-2025,Q1,2025,True,False
20250303,2025-03-03,Monday,1,3,62,10,3,March,Mar-2025,Q1,2025,False,False
20250304,2025-03-04,Tuesday,2,4,63,10,3,March,Mar-2025,Q1,2025,False,False
20250305,2025-03-05,Wednesday,3,5,64,10,3,March,Mar-2025,Q1,2025,False,False
20250306,2025-03-06,Thursday,4,6,65,10,3,March,Mar-2025,Q1,2025,False,False
20250307,2025-03-07,Friday,5,7,66,10,3,March,Mar-2025,Q1,2025,False,False
20250308,2025-03-08,Saturday,6,8,67,10,3,March,Mar-2025,Q1,2025,True,False
20250309,2025-03-09,Sunday,7,9,68,10,3,March,Mar-2025,Q1,2025,True,False
20250310,2025-03-10,Monday,1,10,69,11,3,March,Mar-2025,Q1,2025,False,False
20250311,2025-03-11,Tuesday,2,11,70,11,3,March,Mar-2025,Q1,2025,False,False
20250312,2025-03-12,Wednesday,3,12,71,11,3,March,Mar-2025,Q1,2025,False,False
20250313,2025-03-13,Thursday,4,13,72,11,3,March,Mar-2025,Q1,2025,False,False
20250314,2025-03-14,Friday,5,14,73,11,3,March,Mar-2025,Q1,2025,False,False
20250315,2025-03-15,Saturday,6,15,74,11,3,March,Mar-2025,Q1,2025,True,False
20250316,2025-03-16,Sunday,7,16,75,11,3,March,Mar-2025,Q1,2025,True,False
20250317,2025-03-17,Monday,1,17,76,12,3,March,Mar-2025,Q1,2025,False,False
20250318,2025-03-18,Tuesday,2,18,77,12,3,March,Mar-2025,Q1,2025,False,False
20250319,2025-03-19,Wednesday,3,19,78,12,3,March,Mar-2025,Q1,2025,False,False
20250320,2025-03-20,Thursday,4,20,79,12,3,March,Mar-2025,Q1,2025,False,False
20250321,2025-03-21,Friday,5,21,80,12,3,March,Mar-2025,Q1,2025,False,False
20250322,2025-03-22,Saturday,6,22,81,12,3,March,Mar-2025,Q1,2025,True,False
20250323,2025-03-23,Sunday,7,23,82,12,3,March,Mar-2025,Q1,2025,True,False
20250324,2025-03-24,Monday,1,24,83,13,3,March,Mar-2025,Q1,2025,False,False
20250325,2025-03-25,Tuesday,2,25,84,13,3,March,Mar-2025,Q1,2025,False,False
20250326,2025-03-26,Wednesday,3,26,85,13,3,March,Mar-2025,Q1,2025,False,False
20250327,2025-03-27,Thursday,4,27,86,13,3,March,Mar-2025,Q1,2025,False,False
20250328,2025-03-28,Friday,5,28,87,13,3,March,Mar-2025,Q1,2025,False,False
20250329,2025-03-29,Saturday,6,29,88,13,3,March,Mar-2025,Q1,2025,True,False
20250330,2025-03-30,Sunday,7,30,89,13,3,March,Mar-2025,Q1,2025,True,False
20250331,2025-03-31,Monday,1,31,90,14,3,March,Mar-2025,Q1,2025,False,False
20250401,2025-04-01,Tuesday,2,1,91,14,4,April,Apr-2025,Q2,2025,False,False
20250402,2025-04-02,Wednesday,3,2,92,14,4,April,Apr-2025,Q2,2025,False,False
20250403,2025-04-03,Thursday,4,3,93,14,4,April,Apr-2025,Q2,2025,False,False
20250404,2025-04-04,Friday,5,4,94,14,4,April,Apr-2025,Q2,2025,False,False
20250405,2025-04-05,Saturday,6,5,95,14,4,April,Apr-2025,Q2,2025,True,False
20250406,2025-04-06,Sunday,7,6,96,14,4,April,Apr-2025,Q2,2025,True,False
20250407,2025-04-07,Monday,1,7,97,15,4,April,Apr-2025,Q2,2025,False,False
20250408,2025-04-08,Tuesday,2,8,98,15,4,April,Apr-2025,Q2,2025,False,False
20250409,2025-04-09,Wednesday,3,9,99,15,4,April,Apr-2025,Q2,2025,False,False
20250410,2025-04-10,Thursday,4,10,100,15,4,April,Apr-2025,Q2,2025,False,False
20250411,2025-04-11,Friday,5,11,101,15,4,April,Apr-2025,Q2,2025,False,False
20250412,2025-04-12,Saturday,6,12,102,15,4,April,Apr-2025,Q2,2025,True,False
20250413,2025-04-13,Sunday,7,13,103,15,4,April,Apr-2025,Q2,2025,True,False
20250414,2025-04-14,Monday,1,14,104,16,4,April,Apr-2025,Q2,2025,False,False
20250415,2025-04-15,Tuesday,2,15,105,16,4,April,Apr-2025,Q2,2025,False,False
20250416,2025-04-16,Wednesday,3,16,106,16,4,April,Apr-2025,Q2,2025,False,False
20250417,2025-04-17,Thursday,4,17,107,16,4,April,Apr-2025,Q2,2025,False,False
20250418,2025-04-18,Friday,5,18,108,16,4,April,Apr-2025,Q2,2025,False,False
20250419,2025-04-19,Saturday,6,19,109,16,4,April,Apr-2025,Q2,2025,True,False
20250420,2025-04-20,Sunday,7,20,110,16,4,April,Apr-2025,Q2,2025,True,False
20250421,2025-04-21,Monday,1,21,111,17,4,April,Apr-2025,Q2,2025,False,False
20250422,2025-04-22,Tuesday,2,22,112,17,4,April,Apr-2025,Q2,2025,False,False
20250423,2025-04-23,Wednesday,3,23,113,17,4,April,Apr-2025,Q2,2025,False,False
20250424,2025-04-24,Thursday,4,24,114,17,4,April,Apr-2025,Q2,2025,False,False
20250425,2025-04-25,Friday,5,25,115,17,4,April,Apr-2025,Q2,2025,False,False
20250426,2025-04-26,Saturday,6,26,116,17,4,April,Apr-2025,Q2,2025,True,False
20250427,2025-04-27,Sunday,7,27,117,17,4,April,Apr-2025,Q2,2025,True,False
20250428,2025-04-28,Monday,1,28,118,18,4,April,Apr-2025,Q2,2025,False,False
20250429,2025-04-29,Tuesday,2,29,119,18,4,April,Apr-2025,Q2,2025,False,False
20250430,2025-04-30,Wednesday,3,30,120,18,4,April,Apr-2025,Q2,2025,False,False
20250501,2025-05-01,Thursday,4,1,121,18,5,May,May-2025,Q2,2025,False,False
20250502,2025-05-02,Friday,5,2,122,18,5,May,May-2025,Q2,2025,False,False
20250503,2025-05-03,Saturday,6,3,123,18,5,May,May-2025,Q2,2025,True,False
20250504,2025-05-04,Sunday,7,4,124,18,5,May,May-2025,Q2,2025,True,False
20250505,2025-05-05,Monday,1,5,125,19,5,May,May-2025,Q2,2025,False,False
20250506,2025-05-06,Tuesday,2,6,126,19,5,May,May-2025,Q2,2025,False,False
20250507,2025-05-07,Wednesday,3,7,127,19,5,May,May-2025,Q2,2025,False,False
20250508,2025-05-08,Thursday,4,8,128,19,5,May,May-2025,Q2,2025,False,False
20250509,2025-05-09,Friday,5,9,129,19,5,May,May-2025,Q2,2025,False,False
20250510,2025-05-10,Saturday,6,10,130,19,5,May,May-2025,Q2,2025,True,False
20250511,2025-05-11,Sunday,7,11,131,19,5,May,May-2025,Q2,2025,True,False
20250512,2025-05-12,Monday,1,12,132,20,5,May,May-2025,Q2,2025,False,False
20250513,2025-05-13,Tuesday,2,13,133,20,5,May,May-2025,Q2,2025,False,False
20250514,2025-05-14,Wednesday,3,14,134,20,5,May,May-2025,Q2,2025,False,False
20250515,2025-05-15,Thursday,4,15,135,20,5,May,May-2025,Q2,2025,False,False
20250516,2025-05-16,Friday,5,16,136,20,5,May,May-2025,Q2,2025,False,False
20250517,2025-05-17,Saturday,6,17,137,20,5,May,May-2025,Q2,2025,True,False
20250518,2025-05-18,Sunday,7,18,138,20,5,May,May-2025,Q2,2025,True,False
20250519,2025-05-19,Monday,1,19,139,21,5,May,May-2025,Q2,2025,False,False
20250520,2025-05-20,Tuesday,2,20,140,21,5,May,May-2025,Q2,2025,False,False
20250521,2025-05-21,Wednesday,3,21,141,21,5,May,May-2025,Q2,2025,False,False
20250522,2025-05-22,Thursday,4,22,142,21,5,May,May-2025,Q2,2025,False,False
20250523,2025-05-23,Friday,5,23,143,21,5,May,May-2025,Q2,2025,False,False
20250524,2025-05-24,Saturday,6,24,144,21,5,May,May-2025,Q2,2025,True,False
20250525,2025-05-25,Sunday,7,25,145,21,5,May,May-2025,Q2,2025,True,False
20250526,2025-05-26,Monday,1,26,146,22,5,May,May-2025,Q2,2025,False,False
20250527,2025-05-27,Tuesday,2,27,147,22,5,May,May-2025,Q2,2025,False,False
20250528,2025-05-28,Wednesday,3,28,148,22,5,May,May-2025,Q2,2025,False,False
20250529,2025-05-29,Thursday,4,29,149,22,5,May,May-2025,Q2,2025,False,False
20250530,2025-05-30,Friday,5,30,150,22,5,May,May-2025,Q2,2025,False,False
20250531,2025-05-31,Saturday,6,31,151,22,5,May,May-2025,Q2,2025,True,False
20250601,2025-06-01,Sunday,7,1,152,22,6,June,Jun-2025,Q2,2025,True,False
20250602,2025-06-02,Monday,1,2,153,23,6,June,Jun-2025,Q2,2025,False,False
20250603,2025-06-03,Tuesday,2,3,154,23,6,June,Jun-2025,Q2,2025,False,False
20250604,2025-06-04,Wednesday,3,4,155,23,6,June,Jun-2025,Q2,2025,False,False
20250605,2025-06-05,Thursday,4,5,156,23,6,June,Jun-2025,Q2,2025,False,False
20250606,2025-06-06,Friday,5,6,157,23,6,June,Jun-2025,Q2,2025,False,False
20250607,2025-06-07,Saturday,6,7,158,23,6,June,Jun-2025,Q2,2025,True,False
20250608,2025-06-08,Sunday,7,8,159,23,6,June,Jun-2025,Q2,2025,True,False
20250609,2025-06-09,Monday,1,9,160,24,6,June,Jun-2025,Q2,2025,False,False
20250610,2025-06-10,Tuesday,2,10,161,24,6,June,Jun-2025,Q2,2025,False,False
20250611,2025-06-11,Wednesday,3,11,162,24,6,June,Jun-2025,Q2,2025,False,False
20250612,2025-06-12,Thursday,4,12,163,24,6,June,Jun-2025,Q2,2025,False,False
20250613,2025-06-13,Friday,5,13,164,24,6,June,Jun-2025,Q2,2025,False,False
20250614,2025-06-14,Saturday,6,14,165,24,6,June,Jun-2025,Q2,2025,True,False
20250615,2025-06-15,Sunday,7,15,166,24,6,June,Jun-2025,Q2,2025,True,False
20250616,2025-06-16,Monday,1,16,167,25,6,June,Jun-2025,Q2,2025,False,False
20250617,2025-06-17,Tuesday,2,17,168,25,6,June,Jun-2025,Q2,2025,False,False
20250618,2025-06-18,Wednesday,3,18,169,25,6,June,Jun-2025,Q2,2025,False,False
20250619,2025-06-19,Thursday,4,19,170,25,6,June,Jun-2025,Q2,2025,False,False
20250620,2025-06-20,Friday,5,20,171,25,6,June,Jun-2025,Q2,2025,False,False
20250621,2025-06-21,Saturday,6,21,172,25,6,June,Jun-2025,Q2,2025,True,False
20250622,2025-06-22,Sunday,7,22,173,25,6,June,Jun-2025,Q2,2025,True,False
20250623,2025-06-23,Monday,1,23,174,26,6,June,Jun-2025,Q2,2025,False,False
20250624,2025-06-24,Tuesday,2,24,175,26,6,June,Jun-2025,Q2,2025,False,False
20250625,2025-06-25,Wednesday,3,25,176,26,6,June,Jun-2025,Q2,2025,False,False
20250626,2025-06-26,Thursday,4,26,177,26,6,June,Jun-2025,Q2,2025,False,False
20250627,2025-06-27,Friday,5,27,178,26,6,June,Jun-2025,Q2,2025,False,False
20250628,2025-06-28,Saturday,6,28,179,26,6,June,Jun-2025,Q2,2025,True,False
20250629,2025-06-29,Sunday,7,29,180,26,6,June,Jun-2025,Q2,2025,True,False
20250630,2025-06-30,Monday,1,30,181,27,6,June,Jun-2025,Q2,2025,False,False
20250701,2025-07-01,Tuesday,2,1,182,27,7,July,Jul-2025,Q3,2025,False,False
20250702,2025-07-02,Wednesday,3,2,183,27,7,July,Jul-2025,Q3,2025,False,False
20250703,2025-07-03,Thursday,4,3,184,27,7,July,Jul-2025,Q3,2025,False,False
20250704,2025-07-04,Friday,5,4,185,27,7,July,Jul-2025,Q3,2025,False,False
20250705,2025-07-05,Saturday,6,5,186,27,7,July,Jul-2025,Q3,2025,True,False
20250706,2025-07-06,Sunday,7,6,187,27,7,July,Jul-2025,Q3,2025,True,False
20250707,2025-07-07,Monday,1,7,188,28,7,July,Jul-2025,Q3,2025,False,False
20250708,2025-07-08,Tuesday,2,8,189,28,7,July,Jul-2025,Q3,2025,False,False
20250709,2025-07-09,Wednesday,3,9,190,28,7,July,Jul-2025,Q3,2025,False,False
20250710,2025-07-10,Thursday,4,10,191,28,7,July,Jul-2025,Q3,2025,False,False
20250711,2025-07-11,Friday,5,11,192,28,7,July,Jul-2025,Q3,2025,False,False
20250712,2025-07-12,Saturday,6,12,193,28,7,July,Jul-2025,Q3,2025,True,False
20250713,2025-07-13,Sunday,7,13,194,28,7,July,Jul-2025,Q3,2025,True,False
20250714,2025-07-14,Monday,1,14,195,29,7,July,Jul-2025,Q3,2025,False,False
20250715,2025-07-15,Tuesday,2,15,196,29,7,July,Jul-2025,Q3,2025,False,False
20250716,2025-07-16,Wednesday,3,16,197,29,7,July,Jul-2025,Q3,2025,False,False
20250717,2025-07-17,Thursday,4,17,198,29,7,July,Jul-2025,Q3,2025,False,False
20250718,2025-07-18,Friday,5,18,199,29,7,July,Jul-2025,Q3,2025,False,False
20250719,2025-07-19,Saturday,6,19,200,29,7,July,Jul-2025,Q3,2025,True,False
20250720,2025-07-20,Sunday,7,20,201,29,7,July,Jul-2025,Q3,2025,True,False
20250721,2025-07-21,Monday,1,21,202,30,7,July,Jul-2025,Q3,2025,False,False
20250722,2025-07-22,Tuesday,2,22,203,30,7,July,Jul-2025,Q3,2025,False,False
20250723,2025-07-23,Wednesday,3,23,204,30,7,July,Jul-2025,Q3,2025,False,False
20250724,2025-07-24,Thursday,4,24,205,30,7,July,Jul-2025,Q3,2025,False,False
20250725,2025-07-25,Friday,5,25,206,30,7,July,Jul-2025,Q3,2025,False,False
20250726,2025-07-26,Saturday,6,26,207,30,7,July,Jul-2025,Q3,2025,True,False
20250727,2025-07-27,Sunday,7,27,208,30,7,July,Jul-2025,Q3,2025,True,False
20250728,2025-07-28,Monday,1,28,209,31,7,July,Jul-2025,Q3,2025,False,False
20250729,2025-07-29,Tuesday,2,29,210,31,7,July,Jul-2025,Q3,2025,False,False
20250730,2025-07-30,Wednesday,3,30,211,31,7,July,Jul-2025,Q3,2025,False,False
20250731,2025-07-31,Thursday,4,31,212,31,7,July,Jul-2025,Q3,2025,False,False
20250801,2025-08-01,Friday,5,1,213,31,8,August,Aug-2025,Q3,2025,False,False
20250802,2025-08-02,Saturday,6,2,214,31,8,August,Aug-2025,Q3,2025,True,False
20250803,2025-08-03,Sunday,7,3,215,31,8,August,Aug-2025,Q3,2025,True,False
20250804,2025-08-04,Monday,1,4,216,32,8,August,Aug-2025,Q3,2025,False,False
20250805,2025-08-05,Tuesday,2,5,217,32,8,August,Aug-2025,Q3,2025,False,False
20250806,2025-08-06,Wednesday,3,6,218,32,8,August,Aug-2025,Q3,2025,False,False
20250807,2025-08-07,Thursday,4,7,219,32,8,August,Aug-2025,Q3,2025,False,False
20250808,2025-08-08,Friday,5,8,220,32,8,August,Aug-2025,Q3,2025,False,False
20250809,2025-08-09,Saturday,6,9,221,32,8,August,Aug-2025,Q3,2025,True,False
20250810,2025-08-10,Sunday,7,10,222,32,8,August,Aug-2025,Q3,2025,True,False
20250811,2025-08-11,Monday,1,11,223,33,8,August,Aug-2025,Q3,2025,False,False
20250812,2025-08-12,Tuesday,2,12,224,33,8,August,Aug-2025,Q3,2025,False,False
20250813,2025-08-13,Wednesday,3,13,225,33,8,August,Aug-2025,Q3,2025,False,False
20250814,2025-08-14,Thursday,4,14,226,33,8,August,Aug-2025,Q3,2025,False,False
20250815,2025-08-15,Friday,5,15,227,33,8,August,Aug-2025,Q3,2025,False,False
20250816,2025-08-16,Saturday,6,16,228,33,8,August,Aug-2025,Q3,2025,True,False
20250817,2025-08-17,Sunday,7,17,229,33,8,August,Aug-2025,Q3,2025,True,False
20250818,2025-08-18,Monday,1,18,230,34,8,August,Aug-2025,Q3,2025,False,False
20250819,2025-08-19,Tuesday,2,19,231,34,8,August,Aug-2025,Q3,2025,False,False
20250820,2025-08-20,Wednesday,3,20,232,34,8,August,Aug-2025,Q3,2025,False,False
20250821,2025-08-21,Thursday,4,21,233,34,8,August,Aug-2025,Q3,2025,False,False
20250822,2025-08-22,Friday,5,22,234,34,8,August,Aug-2025,Q3,2025,False,False
20250823,2025-08-23,Saturday,6,23,235,34,8,August,Aug-2025,Q3,2025,True,False
20250824,2025-08-24,Sunday,7,24,236,34,8,August,Aug-2025,Q3,2025,True,False
20250825,2025-08-25,Monday,1,25,237,35,8,August,Aug-2025,Q3,2025,False,False
20250826,2025-08-26,Tuesday,2,26,238,35,8,August,Aug-2025,Q3,2025,False,False
20250827,2025-08-27,Wednesday,3,27,239,35,8,August,Aug-2025,Q3,2025,False,False
20250828,2025-08-28,Thursday,4,28,240,35,8,August,Aug-2025,Q3,2025,False,False
20250829,2025-08-29,Friday,5,29,241,35,8,August,Aug-2025,Q3,2025,False,False
20250830,2025-08-30,Saturday,6,30,242,35,8,August,Aug-2025,Q3,2025,True,False
20250831,2025-08-31,Sunday,7,31,243,35,8,August,Aug-2025,Q3,2025,True,False
20250901,2025-09-01,Monday,1,1,244,36,9,September,Sep-2025,Q3,2025,False,False
20250902,2025-09-02,Tuesday,2,2,245,36,9,September,Sep-2025,Q3,2025,False,False
20250903,2025-09-03,Wednesday,3,3,246,36,9,September,Sep-2025,Q3,2025,False,False
20250904,2025-09-04,Thursday,4,4,247,36,9,September,Sep-2025,Q3,2025,False,False
20250905,2025-09-05,Friday,5,5,248,36,9,September,Sep-2025,Q3,2025,False,False
20250906,2025-09-06,Saturday,6,6,249,36,9,September,Sep-2025,Q3,2025,True,False
20250907,2025-09-07,Sunday,7,7,250,36,9,September,Sep-2025,Q3,2025,True,False
20250908,2025-09-08,Monday,1,8,251,37,9,September,Sep-2025,Q3,2025,False,False
20250909,2025-09-09,Tuesday,2,9,252,37,9,September,Sep-2025,Q3,2025,False,False
20250910,2025-09-10,Wednesday,3,10,253,37,9,September,Sep-2025,Q3,2025,False,False
20250911,2025-09-11,Thursday,4,11,254,37,9,September,Sep-2025,Q3,2025,False,False
20250912,2025-09-12,Friday,5,12,255,37,9,September,Sep-2025,Q3,2025,False,False
20250913,2025-09-13,Saturday,6,13,256,37,9,September,Sep-2025,Q3,2025,True,False
20250914,2025-09-14,Sunday,7,14,257,37,9,September,Sep-2025,Q3,2025,True,False
20250915,2025-09-15,Monday,1,15,258,38,9,September,Sep-2025,Q3,2025,False,False
20250916,2025-09-16,Tuesday,2,16,259,38,9,September,Sep-2025,Q3,2025,False,False
20250917,2025-09-17,Wednesday,3,17,260,38,9,September,Sep-2025,Q3,2025,False,False
20250918,2025-09-18,Thursday,4,18,261,38,9,September,Sep-2025,Q3,2025,False,False
20250919,2025-09-19,Friday,5,19,262,38,9,September,Sep-2025,Q3,2025,False,False
20250920,2025-09-20,Saturday,6,20,263,38,9,September,Sep-2025,Q3,2025,True,False
20250921,2025-09-21,Sunday,7,21,264,38,9,September,Sep-2025,Q3,2025,True,False
20250922,2025-09-22,Monday,1,22,265,39,9,September,Sep-2025,Q3,2025,False,False
20250923,2025-09-23,Tuesday,2,23,266,39,9,September,Sep-2025,Q3,2025,False,False
20250924,2025-09-24,Wednesday,3,24,267,39,9,September,Sep-2025,Q3,2025,False,False
20250925,2025-09-25,Thursday,4,25,268,39,9,September,Sep-2025,Q3,2025,False,False
20250926,2025-09-26,Friday,5,26,269,39,9,September,Sep-2025,Q3,2025,False,False
20250927,2025-09-27,Saturday,6,27,270,39,9,September,Sep-2025,Q3,2025,True,False
20250928,2025-09-28,Sunday,7,28,271,39,9,September,Sep-2025,Q3,2025,True,False
20250929,2025-09-29,Monday,1,29,272,40,9,September,Sep-2025,Q3,2025,False,False
20250930,2025-09-30,Tuesday,2,30,273,40,9,September,Sep-2025,Q3,2025,False,False
20251001,2025-10-01,Wednesday,3,1,274,40,10,October,Oct-2025,Q4,2025,False,False
20251002,2025-10-02,Thursday,4,2,275,40,10,October,Oct-2025,Q4,2025,False,False
20251003,2025-10-03,Friday,5,3,276,40,10,October,Oct-2025,Q4,2025,False,False
20251004,2025-10-04,Saturday,6,4,277,40,10,October,Oct-2025,Q4,2025,True,False
20251005,2025-10-05,Sunday,7,5,278,40,10,October,Oct-2025,Q4,2025,True,False
20251006,2025-10-06,Monday,1,6,279,41,10,October,Oct-2025,Q4,2025,False,False
20251007,2025-10-07,Tuesday,2,7,280,41,10,October,Oct-2025,Q4,2025,False,False
20251008,2025-10-08,Wednesday,3,8,281,41,10,October,Oct-2025,Q4,2025,False,False
20251009,2025-10-09,Thursday,4,9,282,41,10,October,Oct-2025,Q4,2025,False,False
20251010,2025-10-10,Friday,5,10,283,41,10,October,Oct-2025,Q4,2025,False,False
20251011,2025-10-11,Saturday,6,11,284,41,10,October,Oct-2025,Q4,2025,True,False
20251012,2025-10-12,Sunday,7,12,285,41,10,October,Oct-2025,Q4,2025,True,False
20251013,2025-10-13,Monday,1,13,286,42,10,October,Oct-2025,Q4,2025,False,False
20251014,2025-10-14,Tuesday,2,14,287,42,10,October,Oct-2025,Q4,2025,False,False
20251015,2025-10-15,Wednesday,3,15,288,42,10,October,Oct-2025,Q4,2025,False,False
20251016,2025-10-16,Thursday,4,16,289,42,10,October,Oct-2025,Q4,2025,False,False
20251017,2025-10-17,Friday,5,17,290,42,10,October,Oct-2025,Q4,2025,False,False
20251018,2025-10-18,Saturday,6,18,291,42,10,October,Oct-2025,Q4,2025,True,False
20251019,2025-10-19,Sunday,7,19,292,42,10,October,Oct-2025,Q4,2025,True,False
20251020,2025-10-20,Monday,1,20,293,43,10,October,Oct-2025,Q4,2025,False,False
20251021,2025-10-21,Tuesday,2,21,294,43,10,October,Oct-2025,Q4,2025,False,False
20251022,2025-10-22,Wednesday,3,22,295,43,10,October,Oct-2025,Q4,2025,False,False
20251023,2025-10-23,Thursday,4,23,296,43,10,October,Oct-2025,Q4,2025,False,False
20251024,2025-10-24,Friday,5,24,297,43,10,October,Oct-2025,Q4,2025,False,False
20251025,2025-10-25,Saturday,6,25,298,43,10,October,Oct-2025,Q4,2025,True,False
20251026,2025-10-26,Sunday,7,26,299,43,10,October,Oct-2025,Q4,2025,True,False
20251027,2025-10-27,Monday,1,27,300,44,10,October,Oct-2025,Q4,2025,False,False
20251028,2025-10-28,Tuesday,2,28,301,44,10,October,Oct-2025,Q4,2025,False,False
20251029,2025-10-29,Wednesday,3,29,302,44,10,October,Oct-2025,Q4,2025,False,False
20251030,2025-10-30,Thursday,4,30,303,44,10,October,Oct-2025,Q4,2025,False,False
20251031,2025-10-31,Friday,5,31,304,44,10,October,Oct-2025,Q4,2025,False,False
20251101,2025-11-01,Saturday,6,1,305,44,11,November,Nov-2025,Q4,2025,True,True
20251102,2025-11-02,Sunday,7,2,306,44,11,November,Nov-2025,Q4,2025,True,True
20251103,2025-11-03,Monday,1,3,307,45,11,November,Nov-2025,Q4,2025,False,True
20251104,2025-11-04,Tuesday,2,4,308,45,11,November,Nov-2025,Q4,2025,False,True
20251105,2025-11-05,Wednesday,3,5,309,45,11,November,Nov-2025,Q4,2025,False,True
20251106,2025-11-06,Thursday,4,6,310,45,11,November,Nov-2025,Q4,2025,False,True
20251107,2025-11-07,Friday,5,7,311,45,11,November,Nov-2025,Q4,2025,False,True
20251108,2025-11-08,Saturday,6,8,312,45,11,November,Nov-2025,Q4,2025,True,True
20251109,2025-11-09,Sunday,7,9,313,45,11,November,Nov-2025,Q4,2025,True,True
20251110,2025-11-10,Monday,1,10,314,46,11,November,Nov-2025,Q4,2025,False,True
20251111,2025-11-11,Tuesday,2,11,315,46,11,November,Nov-2025,Q4,2025,False,True
20251112,2025-11-12,Wednesday,3,12,316,46,11,November,Nov-2025,Q4,2025,False,True
20251113,2025-11-13,Thursday,4,13,317,46,11,November,Nov-2025,Q4,2025,False,True
20251114,2025-11-14,Friday,5,14,318,46,11,November,Nov-2025,Q4,2025,False,True
20251115,2025-11-15,Saturday,6,15,319,46,11,November,Nov-2025,Q4,2025,True,True
20251116,2025-11-16,Sunday,7,16,320,46,11,November,Nov-2025,Q4,2025,True,True
20251117,2025-11-17,Monday,1,17,321,47,11,November,Nov-2025,Q4,2025,False,True
20251118,2025-11-18,Tuesday,2,18,322,47,11,November,Nov-2025,Q4,2025,False,True
20251119,2025-11-19,Wednesday,3,19,323,47,11,November,Nov-2025,Q4,2025,False,True
20251120,2025-11-20,Thursday,4,20,324,47,11,November,Nov-2025,Q4,2025,False,True
20251121,2025-11-21,Friday,5,21,325,47,11,November,Nov-2025,Q4,2025,False,True
20251122,2025-11-22,Saturday,6,22,326,47,11,November,Nov-2025,Q4,2025,True,True
20251123,2025-11-23,Sunday,7,23,327,47,11,November,Nov-2025,Q4,2025,True,True
20251124,2025-11-24,Monday,1,24,328,48,11,November,Nov-2025,Q4,2025,False,True
20251125,2025-11-25,Tuesday,2,25,329,48,11,November,Nov-2025,Q4,2025,False,True
20251126,2025-11-26,Wednesday,3,26,330,48,11,November,Nov-2025,Q4,2025,False,True
20251127,2025-11-27,Thursday,4,27,331,48,11,November,Nov-2025,Q4,2025,False,True
20251128,2025-11-28,Friday,5,28,332,48,11,November,Nov-2025,Q4,2025,False,True
20251129,2025-11-29,Saturday,6,29,333,48,11,November,Nov-2025,Q4,2025,True,True
20251130,2025-11-30,Sunday,7,30,334,48,11,November,Nov-2025,Q4,2025,True,True
20251201,2025-12-01,Monday,1,1,335,49,12,December,Dec-2025,Q4,2025,False,True
20251202,2025-12-02,Tuesday,2,2,336,49,12,December,Dec-2025,Q4,2025,False,True
20251203,2025-12-03,Wednesday,3,3,337,49,12,December,Dec-2025,Q4,2025,False,True
20251204,2025-12-04,Thursday,4,4,338,49,12,December,Dec-2025,Q4,2025,False,True
20251205,2025-12-05,Friday,5,5,339,49,12,December,Dec-2025,Q4,2025,False,True
20251206,2025-12-06,Saturday,6,6,340,49,12,December,Dec-2025,Q4,2025,True,True
20251207,2025-12-07,Sunday,7,7,341,49,12,December,Dec-2025,Q4,2025,True,True
20251208,2025-12-08,Monday,1,8,342,50,12,December,Dec-2025,Q4,2025,False,True
20251209,2025-12-09,Tuesday,2,9,343,50,12,December,Dec-2025,Q4,2025,False,True
20251210,2025-12-10,Wednesday,3,10,344,50,12,December,Dec-2025,Q4,2025,False,True
20251211,2025-12-11,Thursday,4,11,345,50,12,December,Dec-2025,Q4,2025,False,True
20251212,2025-12-12,Friday,5,12,346,50,12,December,Dec-2025,Q4,2025,False,True
20251213,2025-12-13,Saturday,6,13,347,50,12,December,Dec-2025,Q4,2025,True,True
20251214,2025-12-14,Sunday,7,14,348,50,12,December,Dec-2025,Q4,2025,True,True
20251215,2025-12-15,Monday,1,15,349,51,12,December,Dec-2025,Q4,2025,False,True
20251216,2025-12-16,Tuesday,2,16,350,51,12,December,Dec-2025,Q4,2025,False,True
20251217,2025-12-17,Wednesday,3,17,351,51,12,December,Dec-2025,Q4,2025,False,True
20251218,2025-12-18,Thursday,4,18,352,51,12,December,Dec-2025,Q4,2025,False,True
20251219,2025-12-19,Friday,5,19,353,51,12,December,Dec-2025,Q4,2025,False,True
20251220,2025-12-20,Saturday,6,20,354,51,12,December,Dec-2025,Q4,2025,True,True
20251221,2025-12-21,Sunday,7,21,355,51,12,December,Dec-2025,Q4,2025,True,True
20251222,2025-12-22,Monday,1,22,356,52,12,December,Dec-2025,Q4,2025,False,True
20251223,2025-12-23,Tuesday,2,23,357,52,12,December,Dec-2025,Q4,2025,False,True
20251224,2025-12-24,Wednesday,3,24,358,52,12,December,Dec-2025,Q4,2025,False,True
20251225,2025-12-25,Thursday,4,25,359,52,12,December,Dec-2025,Q4,2025,False,True
20251226,2025-12-26,Friday,5,26,360,52,12,December,Dec-2025,Q4,2025,False,True
20251227,2025-12-27,Saturday,6,27,361,52,12,December,Dec-2025,Q4,2025,True,True
20251228,2025-12-28,Sunday,7,28,362,52,12,December,Dec-2025,Q4,2025,True,True
20251229,2025-12-29,Monday,1,29,363,1,12,December,Dec-2025,Q4,2025,False,True
20251230,2025-12-30,Tuesday,2,30,364,1,12,December,Dec-2025,Q4,2025,False,True
20251231,2025-12-31,Wednesday,3,31,365,1,12,December,Dec-2025,Q4,2025,False,True
